"","spc.season","Harbour","meanQuantitycopies","LOD","LOQ","eDNA_eval_mean","eDNA_col_eval_mean","spc","season"
"1","Acipenser_baerii.efteraar","AalborgHavn",0,500,5000,"NoCt","white","Acipenser_baerii","efteraar"
"41","Acipenser_baerii.efteraar","Aalborgportland",0,500,5000,"NoCt","white","Acipenser_baerii","efteraar"
"81","Acipenser_baerii.efteraar","Aarhus",0,500,5000,"NoCt","white","Acipenser_baerii","efteraar"
"121","Acipenser_baerii.efteraar","Esbjerg",0,500,5000,"NoCt","white","Acipenser_baerii","efteraar"
"161","Acipenser_baerii.efteraar","Fredericia",0,500,5000,"NoCt","white","Acipenser_baerii","efteraar"
"201","Acipenser_baerii.efteraar","Frederikshavn",0,500,5000,"NoCt","white","Acipenser_baerii","efteraar"
"241","Acipenser_baerii.efteraar","Gedser",0,500,5000,"NoCt","white","Acipenser_baerii","efteraar"
"281","Acipenser_baerii.efteraar","Grenaa",0,500,5000,"NoCt","white","Acipenser_baerii","efteraar"
"321","Acipenser_baerii.efteraar","Helsingoer",0,500,5000,"NoCt","white","Acipenser_baerii","efteraar"
"361","Acipenser_baerii.efteraar","Hirtshals",0,500,5000,"NoCt","white","Acipenser_baerii","efteraar"
"401","Acipenser_baerii.efteraar","Kalundborg",0,500,5000,"NoCt","white","Acipenser_baerii","efteraar"
"441","Acipenser_baerii.efteraar","KalundborgStatiolHavn",0,500,5000,"NoCt","white","Acipenser_baerii","efteraar"
"481","Acipenser_baerii.efteraar","Koebenhavn",0,500,5000,"NoCt","white","Acipenser_baerii","efteraar"
"521","Acipenser_baerii.efteraar","Koege",0,500,5000,"NoCt","white","Acipenser_baerii","efteraar"
"561","Acipenser_baerii.efteraar","Odense",0,500,5000,"NoCt","white","Acipenser_baerii","efteraar"
"601","Acipenser_baerii.efteraar","Roedby",0,500,5000,"NoCt","white","Acipenser_baerii","efteraar"
"2","Acipenser_baerii.foraar","AalborgHavn",0,5000,50000,"NoCt","white","Acipenser_baerii","foraar"
"42","Acipenser_baerii.foraar","Aalborgportland",0,5000,50000,"NoCt","white","Acipenser_baerii","foraar"
"82","Acipenser_baerii.foraar","Aarhus",0,5000,50000,"NoCt","white","Acipenser_baerii","foraar"
"122","Acipenser_baerii.foraar","Esbjerg",0,5000,50000,"NoCt","white","Acipenser_baerii","foraar"
"162","Acipenser_baerii.foraar","Fredericia",0,5000,50000,"NoCt","white","Acipenser_baerii","foraar"
"202","Acipenser_baerii.foraar","Frederikshavn",0,5000,50000,"NoCt","white","Acipenser_baerii","foraar"
"242","Acipenser_baerii.foraar","Gedser",0,5000,50000,"NoCt","white","Acipenser_baerii","foraar"
"282","Acipenser_baerii.foraar","Grenaa",0,5000,50000,"NoCt","white","Acipenser_baerii","foraar"
"322","Acipenser_baerii.foraar","Helsingoer",0,5000,50000,"NoCt","white","Acipenser_baerii","foraar"
"362","Acipenser_baerii.foraar","Hirtshals",0,5000,50000,"NoCt","white","Acipenser_baerii","foraar"
"402","Acipenser_baerii.foraar","Kalundborg",0,5000,50000,"NoCt","white","Acipenser_baerii","foraar"
"442","Acipenser_baerii.foraar","KalundborgStatiolHavn",0,5000,50000,"NoCt","white","Acipenser_baerii","foraar"
"482","Acipenser_baerii.foraar","Koebenhavn",0,5000,50000,"NoCt","white","Acipenser_baerii","foraar"
"522","Acipenser_baerii.foraar","Koege",0,5000,50000,"NoCt","white","Acipenser_baerii","foraar"
"562","Acipenser_baerii.foraar","Odense",0,5000,50000,"NoCt","white","Acipenser_baerii","foraar"
"602","Acipenser_baerii.foraar","Roedby",0,5000,50000,"NoCt","white","Acipenser_baerii","foraar"
"3","Bonnemaisonia_hamifera.efteraar","AalborgHavn",0,5,5,"NoCt","white","Bonnemaisonia_hamifera","efteraar"
"43","Bonnemaisonia_hamifera.efteraar","Aalborgportland",0,5,5,"NoCt","white","Bonnemaisonia_hamifera","efteraar"
"83","Bonnemaisonia_hamifera.efteraar","Aarhus",13.1266666666667,5,5,"aboveLOQ","black","Bonnemaisonia_hamifera","efteraar"
"123","Bonnemaisonia_hamifera.efteraar","Esbjerg",0,5,5,"NoCt","white","Bonnemaisonia_hamifera","efteraar"
"163","Bonnemaisonia_hamifera.efteraar","Fredericia",0,5,5,"NoCt","white","Bonnemaisonia_hamifera","efteraar"
"203","Bonnemaisonia_hamifera.efteraar","Frederikshavn",0,5,5,"NoCt","white","Bonnemaisonia_hamifera","efteraar"
"243","Bonnemaisonia_hamifera.efteraar","Gedser",0,5,5,"NoCt","white","Bonnemaisonia_hamifera","efteraar"
"283","Bonnemaisonia_hamifera.efteraar","Grenaa",378.333333333333,5,5,"aboveLOQ","black","Bonnemaisonia_hamifera","efteraar"
"323","Bonnemaisonia_hamifera.efteraar","Helsingoer",0,5,5,"NoCt","white","Bonnemaisonia_hamifera","efteraar"
"363","Bonnemaisonia_hamifera.efteraar","Hirtshals",0,5,5,"NoCt","white","Bonnemaisonia_hamifera","efteraar"
"403","Bonnemaisonia_hamifera.efteraar","Kalundborg",0,5,5,"NoCt","white","Bonnemaisonia_hamifera","efteraar"
"443","Bonnemaisonia_hamifera.efteraar","KalundborgStatiolHavn",0,5,5,"NoCt","white","Bonnemaisonia_hamifera","efteraar"
"483","Bonnemaisonia_hamifera.efteraar","Koebenhavn",0,5,5,"NoCt","white","Bonnemaisonia_hamifera","efteraar"
"523","Bonnemaisonia_hamifera.efteraar","Koege",0,5,5,"NoCt","white","Bonnemaisonia_hamifera","efteraar"
"563","Bonnemaisonia_hamifera.efteraar","Odense",7.16666666666667,5,5,"aboveLOQ","black","Bonnemaisonia_hamifera","efteraar"
"603","Bonnemaisonia_hamifera.efteraar","Roedby",2.43113333333333,5,5,"belowLOD","yellow","Bonnemaisonia_hamifera","efteraar"
"4","Bonnemaisonia_hamifera.foraar","AalborgHavn",0,5,5,"NoCt","white","Bonnemaisonia_hamifera","foraar"
"44","Bonnemaisonia_hamifera.foraar","Aalborgportland",0,5,5,"NoCt","white","Bonnemaisonia_hamifera","foraar"
"84","Bonnemaisonia_hamifera.foraar","Aarhus",0.455066666666667,5,5,"belowLOD","yellow","Bonnemaisonia_hamifera","foraar"
"124","Bonnemaisonia_hamifera.foraar","Esbjerg",0,5,5,"NoCt","white","Bonnemaisonia_hamifera","foraar"
"164","Bonnemaisonia_hamifera.foraar","Fredericia",0,5,5,"NoCt","white","Bonnemaisonia_hamifera","foraar"
"204","Bonnemaisonia_hamifera.foraar","Frederikshavn",0,5,5,"NoCt","white","Bonnemaisonia_hamifera","foraar"
"244","Bonnemaisonia_hamifera.foraar","Gedser",0,5,5,"NoCt","white","Bonnemaisonia_hamifera","foraar"
"284","Bonnemaisonia_hamifera.foraar","Grenaa",0.00285766666666667,5,5,"belowLOD","yellow","Bonnemaisonia_hamifera","foraar"
"324","Bonnemaisonia_hamifera.foraar","Helsingoer",0,5,5,"NoCt","white","Bonnemaisonia_hamifera","foraar"
"364","Bonnemaisonia_hamifera.foraar","Hirtshals",0,5,5,"NoCt","white","Bonnemaisonia_hamifera","foraar"
"404","Bonnemaisonia_hamifera.foraar","Kalundborg",0,5,5,"NoCt","white","Bonnemaisonia_hamifera","foraar"
"444","Bonnemaisonia_hamifera.foraar","KalundborgStatiolHavn",0,5,5,"NoCt","white","Bonnemaisonia_hamifera","foraar"
"484","Bonnemaisonia_hamifera.foraar","Koebenhavn",0,5,5,"NoCt","white","Bonnemaisonia_hamifera","foraar"
"524","Bonnemaisonia_hamifera.foraar","Koege",0,5,5,"NoCt","white","Bonnemaisonia_hamifera","foraar"
"564","Bonnemaisonia_hamifera.foraar","Odense",0,5,5,"NoCt","white","Bonnemaisonia_hamifera","foraar"
"604","Bonnemaisonia_hamifera.foraar","Roedby",0,5,5,"NoCt","white","Bonnemaisonia_hamifera","foraar"
"5","Carassius_auratus.efteraar","AalborgHavn",0,50000,5e+05,"NoCt","white","Carassius_auratus","efteraar"
"45","Carassius_auratus.efteraar","Aalborgportland",0,50000,5e+05,"NoCt","white","Carassius_auratus","efteraar"
"85","Carassius_auratus.efteraar","Aarhus",0,50000,5e+05,"NoCt","white","Carassius_auratus","efteraar"
"125","Carassius_auratus.efteraar","Esbjerg",0,50000,5e+05,"NoCt","white","Carassius_auratus","efteraar"
"165","Carassius_auratus.efteraar","Fredericia",0,50000,5e+05,"NoCt","white","Carassius_auratus","efteraar"
"205","Carassius_auratus.efteraar","Frederikshavn",0,50000,5e+05,"NoCt","white","Carassius_auratus","efteraar"
"245","Carassius_auratus.efteraar","Gedser",0,50000,5e+05,"NoCt","white","Carassius_auratus","efteraar"
"285","Carassius_auratus.efteraar","Grenaa",0,50000,5e+05,"NoCt","white","Carassius_auratus","efteraar"
"325","Carassius_auratus.efteraar","Helsingoer",0,50000,5e+05,"NoCt","white","Carassius_auratus","efteraar"
"365","Carassius_auratus.efteraar","Hirtshals",0,50000,5e+05,"NoCt","white","Carassius_auratus","efteraar"
"405","Carassius_auratus.efteraar","Kalundborg",0,50000,5e+05,"NoCt","white","Carassius_auratus","efteraar"
"445","Carassius_auratus.efteraar","KalundborgStatiolHavn",0,50000,5e+05,"NoCt","white","Carassius_auratus","efteraar"
"485","Carassius_auratus.efteraar","Koebenhavn",0,50000,5e+05,"NoCt","white","Carassius_auratus","efteraar"
"525","Carassius_auratus.efteraar","Koege",0,50000,5e+05,"NoCt","white","Carassius_auratus","efteraar"
"565","Carassius_auratus.efteraar","Odense",0,50000,5e+05,"NoCt","white","Carassius_auratus","efteraar"
"605","Carassius_auratus.efteraar","Roedby",0,50000,5e+05,"NoCt","white","Carassius_auratus","efteraar"
"6","Carassius_auratus.foraar","AalborgHavn",0,50000,5e+05,"NoCt","white","Carassius_auratus","foraar"
"46","Carassius_auratus.foraar","Aalborgportland",0,50000,5e+05,"NoCt","white","Carassius_auratus","foraar"
"86","Carassius_auratus.foraar","Aarhus",0,50000,5e+05,"NoCt","white","Carassius_auratus","foraar"
"126","Carassius_auratus.foraar","Esbjerg",0,50000,5e+05,"NoCt","white","Carassius_auratus","foraar"
"166","Carassius_auratus.foraar","Fredericia",0,50000,5e+05,"NoCt","white","Carassius_auratus","foraar"
"206","Carassius_auratus.foraar","Frederikshavn",0,50000,5e+05,"NoCt","white","Carassius_auratus","foraar"
"246","Carassius_auratus.foraar","Gedser",0,50000,5e+05,"NoCt","white","Carassius_auratus","foraar"
"286","Carassius_auratus.foraar","Grenaa",0,50000,5e+05,"NoCt","white","Carassius_auratus","foraar"
"326","Carassius_auratus.foraar","Helsingoer",0,50000,5e+05,"NoCt","white","Carassius_auratus","foraar"
"366","Carassius_auratus.foraar","Hirtshals",0,50000,5e+05,"NoCt","white","Carassius_auratus","foraar"
"406","Carassius_auratus.foraar","Kalundborg",0,50000,5e+05,"NoCt","white","Carassius_auratus","foraar"
"446","Carassius_auratus.foraar","KalundborgStatiolHavn",0,50000,5e+05,"NoCt","white","Carassius_auratus","foraar"
"486","Carassius_auratus.foraar","Koebenhavn",0,50000,5e+05,"NoCt","white","Carassius_auratus","foraar"
"526","Carassius_auratus.foraar","Koege",0,50000,5e+05,"NoCt","white","Carassius_auratus","foraar"
"566","Carassius_auratus.foraar","Odense",0,50000,5e+05,"NoCt","white","Carassius_auratus","foraar"
"606","Carassius_auratus.foraar","Roedby",0,50000,5e+05,"NoCt","white","Carassius_auratus","foraar"
"7","Colpomenia_peregrine.efteraar","AalborgHavn",0,5,5,"NoCt","white","Colpomenia_peregrine","efteraar"
"47","Colpomenia_peregrine.efteraar","Aalborgportland",0,5,5,"NoCt","white","Colpomenia_peregrine","efteraar"
"87","Colpomenia_peregrine.efteraar","Aarhus",0,5,5,"NoCt","white","Colpomenia_peregrine","efteraar"
"127","Colpomenia_peregrine.efteraar","Esbjerg",0,5,5,"NoCt","white","Colpomenia_peregrine","efteraar"
"167","Colpomenia_peregrine.efteraar","Fredericia",0.7901,5,5,"belowLOD","yellow","Colpomenia_peregrine","efteraar"
"207","Colpomenia_peregrine.efteraar","Frederikshavn",0.1699,5,5,"belowLOD","yellow","Colpomenia_peregrine","efteraar"
"247","Colpomenia_peregrine.efteraar","Gedser",0,5,5,"NoCt","white","Colpomenia_peregrine","efteraar"
"287","Colpomenia_peregrine.efteraar","Grenaa",0,5,5,"NoCt","white","Colpomenia_peregrine","efteraar"
"327","Colpomenia_peregrine.efteraar","Helsingoer",1.77666666666667,5,5,"belowLOD","yellow","Colpomenia_peregrine","efteraar"
"367","Colpomenia_peregrine.efteraar","Hirtshals",0,5,5,"NoCt","white","Colpomenia_peregrine","efteraar"
"407","Colpomenia_peregrine.efteraar","Kalundborg",0.1416,5,5,"belowLOD","yellow","Colpomenia_peregrine","efteraar"
"447","Colpomenia_peregrine.efteraar","KalundborgStatiolHavn",53.6466666666667,5,5,"aboveLOQ","black","Colpomenia_peregrine","efteraar"
"487","Colpomenia_peregrine.efteraar","Koebenhavn",0.161666666666667,5,5,"belowLOD","yellow","Colpomenia_peregrine","efteraar"
"527","Colpomenia_peregrine.efteraar","Koege",0,5,5,"NoCt","white","Colpomenia_peregrine","efteraar"
"567","Colpomenia_peregrine.efteraar","Odense",0,5,5,"NoCt","white","Colpomenia_peregrine","efteraar"
"607","Colpomenia_peregrine.efteraar","Roedby",0,5,5,"NoCt","white","Colpomenia_peregrine","efteraar"
"8","Colpomenia_peregrine.foraar","AalborgHavn",0,5,5,"NoCt","white","Colpomenia_peregrine","foraar"
"48","Colpomenia_peregrine.foraar","Aalborgportland",0,5,5,"NoCt","white","Colpomenia_peregrine","foraar"
"88","Colpomenia_peregrine.foraar","Aarhus",0.0606,5,5,"belowLOD","yellow","Colpomenia_peregrine","foraar"
"128","Colpomenia_peregrine.foraar","Esbjerg",0,5,5,"NoCt","white","Colpomenia_peregrine","foraar"
"168","Colpomenia_peregrine.foraar","Fredericia",0,5,5,"NoCt","white","Colpomenia_peregrine","foraar"
"208","Colpomenia_peregrine.foraar","Frederikshavn",0,5,5,"NoCt","white","Colpomenia_peregrine","foraar"
"248","Colpomenia_peregrine.foraar","Gedser",0,5,5,"NoCt","white","Colpomenia_peregrine","foraar"
"288","Colpomenia_peregrine.foraar","Grenaa",0,5,5,"NoCt","white","Colpomenia_peregrine","foraar"
"328","Colpomenia_peregrine.foraar","Helsingoer",0,5,5,"NoCt","white","Colpomenia_peregrine","foraar"
"368","Colpomenia_peregrine.foraar","Hirtshals",0,5,5,"NoCt","white","Colpomenia_peregrine","foraar"
"408","Colpomenia_peregrine.foraar","Kalundborg",0.794666666666667,5,5,"belowLOD","yellow","Colpomenia_peregrine","foraar"
"448","Colpomenia_peregrine.foraar","KalundborgStatiolHavn",0.199533333333333,5,5,"belowLOD","yellow","Colpomenia_peregrine","foraar"
"488","Colpomenia_peregrine.foraar","Koebenhavn",0,5,5,"NoCt","white","Colpomenia_peregrine","foraar"
"528","Colpomenia_peregrine.foraar","Koege",0,5,5,"NoCt","white","Colpomenia_peregrine","foraar"
"568","Colpomenia_peregrine.foraar","Odense",0,5,5,"NoCt","white","Colpomenia_peregrine","foraar"
"608","Colpomenia_peregrine.foraar","Roedby",0,5,5,"NoCt","white","Colpomenia_peregrine","foraar"
"9","Cordylophora_caspia.efteraar","AalborgHavn",0,5,5,"NoCt","white","Cordylophora_caspia","efteraar"
"49","Cordylophora_caspia.efteraar","Aalborgportland",0,5,5,"NoCt","white","Cordylophora_caspia","efteraar"
"89","Cordylophora_caspia.efteraar","Aarhus",0,5,5,"NoCt","white","Cordylophora_caspia","efteraar"
"129","Cordylophora_caspia.efteraar","Esbjerg",0,5,5,"NoCt","white","Cordylophora_caspia","efteraar"
"169","Cordylophora_caspia.efteraar","Fredericia",0,5,5,"NoCt","white","Cordylophora_caspia","efteraar"
"209","Cordylophora_caspia.efteraar","Frederikshavn",0,5,5,"NoCt","white","Cordylophora_caspia","efteraar"
"249","Cordylophora_caspia.efteraar","Gedser",0,5,5,"NoCt","white","Cordylophora_caspia","efteraar"
"289","Cordylophora_caspia.efteraar","Grenaa",0,5,5,"NoCt","white","Cordylophora_caspia","efteraar"
"329","Cordylophora_caspia.efteraar","Helsingoer",0,5,5,"NoCt","white","Cordylophora_caspia","efteraar"
"369","Cordylophora_caspia.efteraar","Hirtshals",0,5,5,"NoCt","white","Cordylophora_caspia","efteraar"
"409","Cordylophora_caspia.efteraar","Kalundborg",0,5,5,"NoCt","white","Cordylophora_caspia","efteraar"
"449","Cordylophora_caspia.efteraar","KalundborgStatiolHavn",0,5,5,"NoCt","white","Cordylophora_caspia","efteraar"
"489","Cordylophora_caspia.efteraar","Koebenhavn",0,5,5,"NoCt","white","Cordylophora_caspia","efteraar"
"529","Cordylophora_caspia.efteraar","Koege",0,5,5,"NoCt","white","Cordylophora_caspia","efteraar"
"569","Cordylophora_caspia.efteraar","Odense",0,5,5,"NoCt","white","Cordylophora_caspia","efteraar"
"609","Cordylophora_caspia.efteraar","Roedby",0,5,5,"NoCt","white","Cordylophora_caspia","efteraar"
"10","Cordylophora_caspia.foraar","AalborgHavn",0,5,5,"NoCt","white","Cordylophora_caspia","foraar"
"50","Cordylophora_caspia.foraar","Aalborgportland",0,5,5,"NoCt","white","Cordylophora_caspia","foraar"
"90","Cordylophora_caspia.foraar","Aarhus",0,5,5,"NoCt","white","Cordylophora_caspia","foraar"
"130","Cordylophora_caspia.foraar","Esbjerg",0,5,5,"NoCt","white","Cordylophora_caspia","foraar"
"170","Cordylophora_caspia.foraar","Fredericia",0,5,5,"NoCt","white","Cordylophora_caspia","foraar"
"210","Cordylophora_caspia.foraar","Frederikshavn",0,5,5,"NoCt","white","Cordylophora_caspia","foraar"
"250","Cordylophora_caspia.foraar","Gedser",0,5,5,"NoCt","white","Cordylophora_caspia","foraar"
"290","Cordylophora_caspia.foraar","Grenaa",0,5,5,"NoCt","white","Cordylophora_caspia","foraar"
"330","Cordylophora_caspia.foraar","Helsingoer",0,5,5,"NoCt","white","Cordylophora_caspia","foraar"
"370","Cordylophora_caspia.foraar","Hirtshals",0,5,5,"NoCt","white","Cordylophora_caspia","foraar"
"410","Cordylophora_caspia.foraar","Kalundborg",0,5,5,"NoCt","white","Cordylophora_caspia","foraar"
"450","Cordylophora_caspia.foraar","KalundborgStatiolHavn",0,5,5,"NoCt","white","Cordylophora_caspia","foraar"
"490","Cordylophora_caspia.foraar","Koebenhavn",0,5,5,"NoCt","white","Cordylophora_caspia","foraar"
"530","Cordylophora_caspia.foraar","Koege",0,5,5,"NoCt","white","Cordylophora_caspia","foraar"
"570","Cordylophora_caspia.foraar","Odense",0,5,5,"NoCt","white","Cordylophora_caspia","foraar"
"610","Cordylophora_caspia.foraar","Roedby",0,5,5,"NoCt","white","Cordylophora_caspia","foraar"
"11","Crassostrea_gigas.efteraar","AalborgHavn",0,50,500,"NoCt","white","Crassostrea_gigas","efteraar"
"51","Crassostrea_gigas.efteraar","Aalborgportland",0,50,500,"NoCt","white","Crassostrea_gigas","efteraar"
"91","Crassostrea_gigas.efteraar","Aarhus",0,50,500,"NoCt","white","Crassostrea_gigas","efteraar"
"131","Crassostrea_gigas.efteraar","Esbjerg",39.1633333333333,50,500,"belowLOD","yellow","Crassostrea_gigas","efteraar"
"171","Crassostrea_gigas.efteraar","Fredericia",0,50,500,"NoCt","white","Crassostrea_gigas","efteraar"
"211","Crassostrea_gigas.efteraar","Frederikshavn",0,50,500,"NoCt","white","Crassostrea_gigas","efteraar"
"251","Crassostrea_gigas.efteraar","Gedser",0,50,500,"NoCt","white","Crassostrea_gigas","efteraar"
"291","Crassostrea_gigas.efteraar","Grenaa",0.696666666666667,50,500,"belowLOD","yellow","Crassostrea_gigas","efteraar"
"331","Crassostrea_gigas.efteraar","Helsingoer",0,50,500,"NoCt","white","Crassostrea_gigas","efteraar"
"371","Crassostrea_gigas.efteraar","Hirtshals",0,50,500,"NoCt","white","Crassostrea_gigas","efteraar"
"411","Crassostrea_gigas.efteraar","Kalundborg",0,50,500,"NoCt","white","Crassostrea_gigas","efteraar"
"451","Crassostrea_gigas.efteraar","KalundborgStatiolHavn",0,50,500,"NoCt","white","Crassostrea_gigas","efteraar"
"491","Crassostrea_gigas.efteraar","Koebenhavn",60.8733333333333,50,500,"AbLOD_BeLOQ","red","Crassostrea_gigas","efteraar"
"531","Crassostrea_gigas.efteraar","Koege",0,50,500,"NoCt","white","Crassostrea_gigas","efteraar"
"571","Crassostrea_gigas.efteraar","Odense",0,50,500,"NoCt","white","Crassostrea_gigas","efteraar"
"611","Crassostrea_gigas.efteraar","Roedby",0,50,500,"NoCt","white","Crassostrea_gigas","efteraar"
"12","Crassostrea_gigas.foraar","AalborgHavn",0,50,50,"NoCt","white","Crassostrea_gigas","foraar"
"52","Crassostrea_gigas.foraar","Aalborgportland",0,50,50,"NoCt","white","Crassostrea_gigas","foraar"
"92","Crassostrea_gigas.foraar","Aarhus",0,50,50,"NoCt","white","Crassostrea_gigas","foraar"
"132","Crassostrea_gigas.foraar","Esbjerg",31.5633333333333,50,50,"belowLOD","yellow","Crassostrea_gigas","foraar"
"172","Crassostrea_gigas.foraar","Fredericia",0,50,50,"NoCt","white","Crassostrea_gigas","foraar"
"212","Crassostrea_gigas.foraar","Frederikshavn",0,50,50,"NoCt","white","Crassostrea_gigas","foraar"
"252","Crassostrea_gigas.foraar","Gedser",0,50,50,"NoCt","white","Crassostrea_gigas","foraar"
"292","Crassostrea_gigas.foraar","Grenaa",0,50,50,"NoCt","white","Crassostrea_gigas","foraar"
"332","Crassostrea_gigas.foraar","Helsingoer",0,50,50,"NoCt","white","Crassostrea_gigas","foraar"
"372","Crassostrea_gigas.foraar","Hirtshals",0,50,50,"NoCt","white","Crassostrea_gigas","foraar"
"412","Crassostrea_gigas.foraar","Kalundborg",0,50,50,"NoCt","white","Crassostrea_gigas","foraar"
"452","Crassostrea_gigas.foraar","KalundborgStatiolHavn",0,50,50,"NoCt","white","Crassostrea_gigas","foraar"
"492","Crassostrea_gigas.foraar","Koebenhavn",0,50,50,"NoCt","white","Crassostrea_gigas","foraar"
"532","Crassostrea_gigas.foraar","Koege",0,50,50,"NoCt","white","Crassostrea_gigas","foraar"
"572","Crassostrea_gigas.foraar","Odense",0,50,50,"NoCt","white","Crassostrea_gigas","foraar"
"612","Crassostrea_gigas.foraar","Roedby",0,50,50,"NoCt","white","Crassostrea_gigas","foraar"
"13","Cyprinus_carpio.efteraar","AalborgHavn",0,5,5,"NoCt","white","Cyprinus_carpio","efteraar"
"53","Cyprinus_carpio.efteraar","Aalborgportland",0.606666666666667,5,5,"belowLOD","yellow","Cyprinus_carpio","efteraar"
"93","Cyprinus_carpio.efteraar","Aarhus",1.31333333333333,5,5,"belowLOD","yellow","Cyprinus_carpio","efteraar"
"133","Cyprinus_carpio.efteraar","Esbjerg",0,5,5,"NoCt","white","Cyprinus_carpio","efteraar"
"173","Cyprinus_carpio.efteraar","Fredericia",0,5,5,"NoCt","white","Cyprinus_carpio","efteraar"
"213","Cyprinus_carpio.efteraar","Frederikshavn",0,5,5,"NoCt","white","Cyprinus_carpio","efteraar"
"253","Cyprinus_carpio.efteraar","Gedser",0,5,5,"NoCt","white","Cyprinus_carpio","efteraar"
"293","Cyprinus_carpio.efteraar","Grenaa",0,5,5,"NoCt","white","Cyprinus_carpio","efteraar"
"333","Cyprinus_carpio.efteraar","Helsingoer",0,5,5,"NoCt","white","Cyprinus_carpio","efteraar"
"373","Cyprinus_carpio.efteraar","Hirtshals",0,5,5,"NoCt","white","Cyprinus_carpio","efteraar"
"413","Cyprinus_carpio.efteraar","Kalundborg",0.503333333333333,5,5,"belowLOD","yellow","Cyprinus_carpio","efteraar"
"453","Cyprinus_carpio.efteraar","KalundborgStatiolHavn",0.287933333333333,5,5,"belowLOD","yellow","Cyprinus_carpio","efteraar"
"493","Cyprinus_carpio.efteraar","Koebenhavn",0,5,5,"NoCt","white","Cyprinus_carpio","efteraar"
"533","Cyprinus_carpio.efteraar","Koege",0,5,5,"NoCt","white","Cyprinus_carpio","efteraar"
"573","Cyprinus_carpio.efteraar","Odense",0,5,5,"NoCt","white","Cyprinus_carpio","efteraar"
"613","Cyprinus_carpio.efteraar","Roedby",0,5,5,"NoCt","white","Cyprinus_carpio","efteraar"
"14","Cyprinus_carpio.foraar","AalborgHavn",0,5,5,"NoCt","white","Cyprinus_carpio","foraar"
"54","Cyprinus_carpio.foraar","Aalborgportland",0,5,5,"NoCt","white","Cyprinus_carpio","foraar"
"94","Cyprinus_carpio.foraar","Aarhus",0,5,5,"NoCt","white","Cyprinus_carpio","foraar"
"134","Cyprinus_carpio.foraar","Esbjerg",0,5,5,"NoCt","white","Cyprinus_carpio","foraar"
"174","Cyprinus_carpio.foraar","Fredericia",0,5,5,"NoCt","white","Cyprinus_carpio","foraar"
"214","Cyprinus_carpio.foraar","Frederikshavn",0,5,5,"NoCt","white","Cyprinus_carpio","foraar"
"254","Cyprinus_carpio.foraar","Gedser",0,5,5,"NoCt","white","Cyprinus_carpio","foraar"
"294","Cyprinus_carpio.foraar","Grenaa",0,5,5,"NoCt","white","Cyprinus_carpio","foraar"
"334","Cyprinus_carpio.foraar","Helsingoer",0,5,5,"NoCt","white","Cyprinus_carpio","foraar"
"374","Cyprinus_carpio.foraar","Hirtshals",0,5,5,"NoCt","white","Cyprinus_carpio","foraar"
"414","Cyprinus_carpio.foraar","Kalundborg",0,5,5,"NoCt","white","Cyprinus_carpio","foraar"
"454","Cyprinus_carpio.foraar","KalundborgStatiolHavn",0,5,5,"NoCt","white","Cyprinus_carpio","foraar"
"494","Cyprinus_carpio.foraar","Koebenhavn",0,5,5,"NoCt","white","Cyprinus_carpio","foraar"
"534","Cyprinus_carpio.foraar","Koege",0,5,5,"NoCt","white","Cyprinus_carpio","foraar"
"574","Cyprinus_carpio.foraar","Odense",0,5,5,"NoCt","white","Cyprinus_carpio","foraar"
"614","Cyprinus_carpio.foraar","Roedby",0,5,5,"NoCt","white","Cyprinus_carpio","foraar"
"15","Eriocheir_sinensis.efteraar","AalborgHavn",0,5,50,"NoCt","white","Eriocheir_sinensis","efteraar"
"55","Eriocheir_sinensis.efteraar","Aalborgportland",0,5,50,"NoCt","white","Eriocheir_sinensis","efteraar"
"95","Eriocheir_sinensis.efteraar","Aarhus",0,5,50,"NoCt","white","Eriocheir_sinensis","efteraar"
"135","Eriocheir_sinensis.efteraar","Esbjerg",0,5,50,"NoCt","white","Eriocheir_sinensis","efteraar"
"175","Eriocheir_sinensis.efteraar","Fredericia",0,5,50,"NoCt","white","Eriocheir_sinensis","efteraar"
"215","Eriocheir_sinensis.efteraar","Frederikshavn",0,5,50,"NoCt","white","Eriocheir_sinensis","efteraar"
"255","Eriocheir_sinensis.efteraar","Gedser",0,5,50,"NoCt","white","Eriocheir_sinensis","efteraar"
"295","Eriocheir_sinensis.efteraar","Grenaa",0,5,50,"NoCt","white","Eriocheir_sinensis","efteraar"
"335","Eriocheir_sinensis.efteraar","Helsingoer",0,5,50,"NoCt","white","Eriocheir_sinensis","efteraar"
"375","Eriocheir_sinensis.efteraar","Hirtshals",0,5,50,"NoCt","white","Eriocheir_sinensis","efteraar"
"415","Eriocheir_sinensis.efteraar","Kalundborg",0,5,50,"NoCt","white","Eriocheir_sinensis","efteraar"
"455","Eriocheir_sinensis.efteraar","KalundborgStatiolHavn",0,5,50,"NoCt","white","Eriocheir_sinensis","efteraar"
"495","Eriocheir_sinensis.efteraar","Koebenhavn",0,5,50,"NoCt","white","Eriocheir_sinensis","efteraar"
"535","Eriocheir_sinensis.efteraar","Koege",0,5,50,"NoCt","white","Eriocheir_sinensis","efteraar"
"575","Eriocheir_sinensis.efteraar","Odense",0,5,50,"NoCt","white","Eriocheir_sinensis","efteraar"
"615","Eriocheir_sinensis.efteraar","Roedby",0,5,50,"NoCt","white","Eriocheir_sinensis","efteraar"
"16","Eriocheir_sinensis.foraar","AalborgHavn",0,5,50,"NoCt","white","Eriocheir_sinensis","foraar"
"56","Eriocheir_sinensis.foraar","Aalborgportland",0,5,50,"NoCt","white","Eriocheir_sinensis","foraar"
"96","Eriocheir_sinensis.foraar","Aarhus",0,5,50,"NoCt","white","Eriocheir_sinensis","foraar"
"136","Eriocheir_sinensis.foraar","Esbjerg",0,5,50,"NoCt","white","Eriocheir_sinensis","foraar"
"176","Eriocheir_sinensis.foraar","Fredericia",0,5,50,"NoCt","white","Eriocheir_sinensis","foraar"
"216","Eriocheir_sinensis.foraar","Frederikshavn",0,5,50,"NoCt","white","Eriocheir_sinensis","foraar"
"256","Eriocheir_sinensis.foraar","Gedser",0,5,50,"NoCt","white","Eriocheir_sinensis","foraar"
"296","Eriocheir_sinensis.foraar","Grenaa",0,5,50,"NoCt","white","Eriocheir_sinensis","foraar"
"336","Eriocheir_sinensis.foraar","Helsingoer",0,5,50,"NoCt","white","Eriocheir_sinensis","foraar"
"376","Eriocheir_sinensis.foraar","Hirtshals",0,5,50,"NoCt","white","Eriocheir_sinensis","foraar"
"416","Eriocheir_sinensis.foraar","Kalundborg",0,5,50,"NoCt","white","Eriocheir_sinensis","foraar"
"456","Eriocheir_sinensis.foraar","KalundborgStatiolHavn",0,5,50,"NoCt","white","Eriocheir_sinensis","foraar"
"496","Eriocheir_sinensis.foraar","Koebenhavn",0,5,50,"NoCt","white","Eriocheir_sinensis","foraar"
"536","Eriocheir_sinensis.foraar","Koege",0,5,50,"NoCt","white","Eriocheir_sinensis","foraar"
"576","Eriocheir_sinensis.foraar","Odense",0,5,50,"NoCt","white","Eriocheir_sinensis","foraar"
"616","Eriocheir_sinensis.foraar","Roedby",0,5,50,"NoCt","white","Eriocheir_sinensis","foraar"
"17","Homarus_americanus.efteraar","AalborgHavn",0,5,50,"NoCt","white","Homarus_americanus","efteraar"
"57","Homarus_americanus.efteraar","Aalborgportland",0,5,50,"NoCt","white","Homarus_americanus","efteraar"
"97","Homarus_americanus.efteraar","Aarhus",0,5,50,"NoCt","white","Homarus_americanus","efteraar"
"137","Homarus_americanus.efteraar","Esbjerg",0,5,50,"NoCt","white","Homarus_americanus","efteraar"
"177","Homarus_americanus.efteraar","Fredericia",0,5,50,"NoCt","white","Homarus_americanus","efteraar"
"217","Homarus_americanus.efteraar","Frederikshavn",0,5,50,"NoCt","white","Homarus_americanus","efteraar"
"257","Homarus_americanus.efteraar","Gedser",0,5,50,"NoCt","white","Homarus_americanus","efteraar"
"297","Homarus_americanus.efteraar","Grenaa",0,5,50,"NoCt","white","Homarus_americanus","efteraar"
"337","Homarus_americanus.efteraar","Helsingoer",0,5,50,"NoCt","white","Homarus_americanus","efteraar"
"377","Homarus_americanus.efteraar","Hirtshals",0,5,50,"NoCt","white","Homarus_americanus","efteraar"
"417","Homarus_americanus.efteraar","Kalundborg",0,5,50,"NoCt","white","Homarus_americanus","efteraar"
"457","Homarus_americanus.efteraar","KalundborgStatiolHavn",0,5,50,"NoCt","white","Homarus_americanus","efteraar"
"497","Homarus_americanus.efteraar","Koebenhavn",0,5,50,"NoCt","white","Homarus_americanus","efteraar"
"537","Homarus_americanus.efteraar","Koege",0,5,50,"NoCt","white","Homarus_americanus","efteraar"
"577","Homarus_americanus.efteraar","Odense",0,5,50,"NoCt","white","Homarus_americanus","efteraar"
"617","Homarus_americanus.efteraar","Roedby",0,5,50,"NoCt","white","Homarus_americanus","efteraar"
"18","Homarus_americanus.foraar","AalborgHavn",0,50,50,"NoCt","white","Homarus_americanus","foraar"
"58","Homarus_americanus.foraar","Aalborgportland",0,50,50,"NoCt","white","Homarus_americanus","foraar"
"98","Homarus_americanus.foraar","Aarhus",0,50,50,"NoCt","white","Homarus_americanus","foraar"
"138","Homarus_americanus.foraar","Esbjerg",0,50,50,"NoCt","white","Homarus_americanus","foraar"
"178","Homarus_americanus.foraar","Fredericia",0,50,50,"NoCt","white","Homarus_americanus","foraar"
"218","Homarus_americanus.foraar","Frederikshavn",0,50,50,"NoCt","white","Homarus_americanus","foraar"
"258","Homarus_americanus.foraar","Gedser",0,50,50,"NoCt","white","Homarus_americanus","foraar"
"298","Homarus_americanus.foraar","Grenaa",0,50,50,"NoCt","white","Homarus_americanus","foraar"
"338","Homarus_americanus.foraar","Helsingoer",0,50,50,"NoCt","white","Homarus_americanus","foraar"
"378","Homarus_americanus.foraar","Hirtshals",0,50,50,"NoCt","white","Homarus_americanus","foraar"
"418","Homarus_americanus.foraar","Kalundborg",0,50,50,"NoCt","white","Homarus_americanus","foraar"
"458","Homarus_americanus.foraar","KalundborgStatiolHavn",0,50,50,"NoCt","white","Homarus_americanus","foraar"
"498","Homarus_americanus.foraar","Koebenhavn",0,50,50,"NoCt","white","Homarus_americanus","foraar"
"538","Homarus_americanus.foraar","Koege",0,50,50,"NoCt","white","Homarus_americanus","foraar"
"578","Homarus_americanus.foraar","Odense",0,50,50,"NoCt","white","Homarus_americanus","foraar"
"618","Homarus_americanus.foraar","Roedby",0,50,50,"NoCt","white","Homarus_americanus","foraar"
"19","Karenia_mikimotoi.efteraar","AalborgHavn",174.133333333333,5,5,"aboveLOQ","black","Karenia_mikimotoi","efteraar"
"59","Karenia_mikimotoi.efteraar","Aalborgportland",4243.33333333333,5,5,"aboveLOQ","black","Karenia_mikimotoi","efteraar"
"99","Karenia_mikimotoi.efteraar","Aarhus",0,5,5,"NoCt","white","Karenia_mikimotoi","efteraar"
"139","Karenia_mikimotoi.efteraar","Esbjerg",0.000949333333333333,5,5,"belowLOD","yellow","Karenia_mikimotoi","efteraar"
"179","Karenia_mikimotoi.efteraar","Fredericia",0,5,5,"NoCt","white","Karenia_mikimotoi","efteraar"
"219","Karenia_mikimotoi.efteraar","Frederikshavn",0,5,5,"NoCt","white","Karenia_mikimotoi","efteraar"
"259","Karenia_mikimotoi.efteraar","Gedser",0,5,5,"NoCt","white","Karenia_mikimotoi","efteraar"
"299","Karenia_mikimotoi.efteraar","Grenaa",1.28535666666667,5,5,"belowLOD","yellow","Karenia_mikimotoi","efteraar"
"339","Karenia_mikimotoi.efteraar","Helsingoer",0,5,5,"NoCt","white","Karenia_mikimotoi","efteraar"
"379","Karenia_mikimotoi.efteraar","Hirtshals",0,5,5,"NoCt","white","Karenia_mikimotoi","efteraar"
"419","Karenia_mikimotoi.efteraar","Kalundborg",0,5,5,"NoCt","white","Karenia_mikimotoi","efteraar"
"459","Karenia_mikimotoi.efteraar","KalundborgStatiolHavn",0,5,5,"NoCt","white","Karenia_mikimotoi","efteraar"
"499","Karenia_mikimotoi.efteraar","Koebenhavn",0,5,5,"NoCt","white","Karenia_mikimotoi","efteraar"
"539","Karenia_mikimotoi.efteraar","Koege",0,5,5,"NoCt","white","Karenia_mikimotoi","efteraar"
"579","Karenia_mikimotoi.efteraar","Odense",63.05,5,5,"aboveLOQ","black","Karenia_mikimotoi","efteraar"
"619","Karenia_mikimotoi.efteraar","Roedby",0,5,5,"NoCt","white","Karenia_mikimotoi","efteraar"
"20","Karenia_mikimotoi.foraar","AalborgHavn",0,5,5,"NoCt","white","Karenia_mikimotoi","foraar"
"60","Karenia_mikimotoi.foraar","Aalborgportland",0,5,5,"NoCt","white","Karenia_mikimotoi","foraar"
"100","Karenia_mikimotoi.foraar","Aarhus",0,5,5,"NoCt","white","Karenia_mikimotoi","foraar"
"140","Karenia_mikimotoi.foraar","Esbjerg",0,5,5,"NoCt","white","Karenia_mikimotoi","foraar"
"180","Karenia_mikimotoi.foraar","Fredericia",0,5,5,"NoCt","white","Karenia_mikimotoi","foraar"
"220","Karenia_mikimotoi.foraar","Frederikshavn",0.007377,5,5,"belowLOD","yellow","Karenia_mikimotoi","foraar"
"260","Karenia_mikimotoi.foraar","Gedser",0,5,5,"NoCt","white","Karenia_mikimotoi","foraar"
"300","Karenia_mikimotoi.foraar","Grenaa",0,5,5,"NoCt","white","Karenia_mikimotoi","foraar"
"340","Karenia_mikimotoi.foraar","Helsingoer",0,5,5,"NoCt","white","Karenia_mikimotoi","foraar"
"380","Karenia_mikimotoi.foraar","Hirtshals",0,5,5,"NoCt","white","Karenia_mikimotoi","foraar"
"420","Karenia_mikimotoi.foraar","Kalundborg",0,5,5,"NoCt","white","Karenia_mikimotoi","foraar"
"460","Karenia_mikimotoi.foraar","KalundborgStatiolHavn",0,5,5,"NoCt","white","Karenia_mikimotoi","foraar"
"500","Karenia_mikimotoi.foraar","Koebenhavn",0,5,5,"NoCt","white","Karenia_mikimotoi","foraar"
"540","Karenia_mikimotoi.foraar","Koege",0,5,5,"NoCt","white","Karenia_mikimotoi","foraar"
"580","Karenia_mikimotoi.foraar","Odense",0,5,5,"NoCt","white","Karenia_mikimotoi","foraar"
"620","Karenia_mikimotoi.foraar","Roedby",0,5,5,"NoCt","white","Karenia_mikimotoi","foraar"
"21","Mnemiopsis_leidyi.efteraar","AalborgHavn",2471.33333333333,5,5,"aboveLOQ","black","Mnemiopsis_leidyi","efteraar"
"61","Mnemiopsis_leidyi.efteraar","Aalborgportland",172.966666666667,5,5,"aboveLOQ","black","Mnemiopsis_leidyi","efteraar"
"101","Mnemiopsis_leidyi.efteraar","Aarhus",0.00249866666666667,5,5,"belowLOD","yellow","Mnemiopsis_leidyi","efteraar"
"141","Mnemiopsis_leidyi.efteraar","Esbjerg",39.4933333333333,5,5,"aboveLOQ","black","Mnemiopsis_leidyi","efteraar"
"181","Mnemiopsis_leidyi.efteraar","Fredericia",26.14,5,5,"aboveLOQ","black","Mnemiopsis_leidyi","efteraar"
"221","Mnemiopsis_leidyi.efteraar","Frederikshavn",0,5,5,"NoCt","white","Mnemiopsis_leidyi","efteraar"
"261","Mnemiopsis_leidyi.efteraar","Gedser",978.466666666667,5,5,"aboveLOQ","black","Mnemiopsis_leidyi","efteraar"
"301","Mnemiopsis_leidyi.efteraar","Grenaa",607.333333333333,5,5,"aboveLOQ","black","Mnemiopsis_leidyi","efteraar"
"341","Mnemiopsis_leidyi.efteraar","Helsingoer",352.45,5,5,"aboveLOQ","black","Mnemiopsis_leidyi","efteraar"
"381","Mnemiopsis_leidyi.efteraar","Hirtshals",14.97,5,5,"aboveLOQ","black","Mnemiopsis_leidyi","efteraar"
"421","Mnemiopsis_leidyi.efteraar","Kalundborg",43486.6666666667,5,5,"aboveLOQ","black","Mnemiopsis_leidyi","efteraar"
"461","Mnemiopsis_leidyi.efteraar","KalundborgStatiolHavn",11.94,5,5,"aboveLOQ","black","Mnemiopsis_leidyi","efteraar"
"501","Mnemiopsis_leidyi.efteraar","Koebenhavn",108.086666666667,5,5,"aboveLOQ","black","Mnemiopsis_leidyi","efteraar"
"541","Mnemiopsis_leidyi.efteraar","Koege",1.04166666666667,5,5,"belowLOD","yellow","Mnemiopsis_leidyi","efteraar"
"581","Mnemiopsis_leidyi.efteraar","Odense",1.2534,5,5,"belowLOD","yellow","Mnemiopsis_leidyi","efteraar"
"621","Mnemiopsis_leidyi.efteraar","Roedby",16.1533333333333,5,5,"aboveLOQ","black","Mnemiopsis_leidyi","efteraar"
"22","Mnemiopsis_leidyi.foraar","AalborgHavn",16306.6666666667,5,5,"aboveLOQ","black","Mnemiopsis_leidyi","foraar"
"62","Mnemiopsis_leidyi.foraar","Aalborgportland",86.21,5,5,"aboveLOQ","black","Mnemiopsis_leidyi","foraar"
"102","Mnemiopsis_leidyi.foraar","Aarhus",0.0146366666666667,5,5,"belowLOD","yellow","Mnemiopsis_leidyi","foraar"
"142","Mnemiopsis_leidyi.foraar","Esbjerg",0.973133333333333,5,5,"belowLOD","yellow","Mnemiopsis_leidyi","foraar"
"182","Mnemiopsis_leidyi.foraar","Fredericia",0,5,5,"NoCt","white","Mnemiopsis_leidyi","foraar"
"222","Mnemiopsis_leidyi.foraar","Frederikshavn",0.0215,5,5,"belowLOD","yellow","Mnemiopsis_leidyi","foraar"
"262","Mnemiopsis_leidyi.foraar","Gedser",0.0163533333333333,5,5,"belowLOD","yellow","Mnemiopsis_leidyi","foraar"
"302","Mnemiopsis_leidyi.foraar","Grenaa",0,5,5,"NoCt","white","Mnemiopsis_leidyi","foraar"
"342","Mnemiopsis_leidyi.foraar","Helsingoer",0,5,5,"NoCt","white","Mnemiopsis_leidyi","foraar"
"382","Mnemiopsis_leidyi.foraar","Hirtshals",7.60333333333333,5,5,"aboveLOQ","black","Mnemiopsis_leidyi","foraar"
"422","Mnemiopsis_leidyi.foraar","Kalundborg",0,5,5,"NoCt","white","Mnemiopsis_leidyi","foraar"
"462","Mnemiopsis_leidyi.foraar","KalundborgStatiolHavn",0.0578933333333333,5,5,"belowLOD","yellow","Mnemiopsis_leidyi","foraar"
"502","Mnemiopsis_leidyi.foraar","Koebenhavn",0,5,5,"NoCt","white","Mnemiopsis_leidyi","foraar"
"542","Mnemiopsis_leidyi.foraar","Koege",0,5,5,"NoCt","white","Mnemiopsis_leidyi","foraar"
"582","Mnemiopsis_leidyi.foraar","Odense",0,5,5,"NoCt","white","Mnemiopsis_leidyi","foraar"
"622","Mnemiopsis_leidyi.foraar","Roedby",0,5,5,"NoCt","white","Mnemiopsis_leidyi","foraar"
"23","Mya_arenaria.efteraar","AalborgHavn",43.6666666666667,500,500,"belowLOD","yellow","Mya_arenaria","efteraar"
"63","Mya_arenaria.efteraar","Aalborgportland",0,500,500,"NoCt","white","Mya_arenaria","efteraar"
"103","Mya_arenaria.efteraar","Aarhus",0,500,500,"NoCt","white","Mya_arenaria","efteraar"
"143","Mya_arenaria.efteraar","Esbjerg",0,500,500,"NoCt","white","Mya_arenaria","efteraar"
"183","Mya_arenaria.efteraar","Fredericia",0,500,500,"NoCt","white","Mya_arenaria","efteraar"
"223","Mya_arenaria.efteraar","Frederikshavn",1226.4,500,500,"aboveLOQ","black","Mya_arenaria","efteraar"
"263","Mya_arenaria.efteraar","Gedser",6115.33333333333,500,500,"aboveLOQ","black","Mya_arenaria","efteraar"
"303","Mya_arenaria.efteraar","Grenaa",2048,500,500,"aboveLOQ","black","Mya_arenaria","efteraar"
"343","Mya_arenaria.efteraar","Helsingoer",0,500,500,"NoCt","white","Mya_arenaria","efteraar"
"383","Mya_arenaria.efteraar","Hirtshals",0,500,500,"NoCt","white","Mya_arenaria","efteraar"
"423","Mya_arenaria.efteraar","Kalundborg",0,500,500,"NoCt","white","Mya_arenaria","efteraar"
"463","Mya_arenaria.efteraar","KalundborgStatiolHavn",4031.33333333333,500,500,"aboveLOQ","black","Mya_arenaria","efteraar"
"503","Mya_arenaria.efteraar","Koebenhavn",0,500,500,"NoCt","white","Mya_arenaria","efteraar"
"543","Mya_arenaria.efteraar","Koege",0,500,500,"NoCt","white","Mya_arenaria","efteraar"
"583","Mya_arenaria.efteraar","Odense",222.266666666667,500,500,"belowLOD","yellow","Mya_arenaria","efteraar"
"623","Mya_arenaria.efteraar","Roedby",1.68,500,500,"belowLOD","yellow","Mya_arenaria","efteraar"
"24","Mya_arenaria.foraar","AalborgHavn",0,50,500,"NoCt","white","Mya_arenaria","foraar"
"64","Mya_arenaria.foraar","Aalborgportland",17696.6666666667,50,500,"aboveLOQ","black","Mya_arenaria","foraar"
"104","Mya_arenaria.foraar","Aarhus",0,50,500,"NoCt","white","Mya_arenaria","foraar"
"144","Mya_arenaria.foraar","Esbjerg",0,50,500,"NoCt","white","Mya_arenaria","foraar"
"184","Mya_arenaria.foraar","Fredericia",0,50,500,"NoCt","white","Mya_arenaria","foraar"
"224","Mya_arenaria.foraar","Frederikshavn",0,50,500,"NoCt","white","Mya_arenaria","foraar"
"264","Mya_arenaria.foraar","Gedser",9870.66666666667,50,500,"aboveLOQ","black","Mya_arenaria","foraar"
"304","Mya_arenaria.foraar","Grenaa",27.65,50,500,"belowLOD","yellow","Mya_arenaria","foraar"
"344","Mya_arenaria.foraar","Helsingoer",0,50,500,"NoCt","white","Mya_arenaria","foraar"
"384","Mya_arenaria.foraar","Hirtshals",0,50,500,"NoCt","white","Mya_arenaria","foraar"
"424","Mya_arenaria.foraar","Kalundborg",41600,50,500,"aboveLOQ","black","Mya_arenaria","foraar"
"464","Mya_arenaria.foraar","KalundborgStatiolHavn",5755,50,500,"aboveLOQ","black","Mya_arenaria","foraar"
"504","Mya_arenaria.foraar","Koebenhavn",17873.3333333333,50,500,"aboveLOQ","black","Mya_arenaria","foraar"
"544","Mya_arenaria.foraar","Koege",0,50,500,"NoCt","white","Mya_arenaria","foraar"
"584","Mya_arenaria.foraar","Odense",23960,50,500,"aboveLOQ","black","Mya_arenaria","foraar"
"624","Mya_arenaria.foraar","Roedby",1380.5,50,500,"aboveLOQ","black","Mya_arenaria","foraar"
"25","Neogobius_melanostomus.efteraar","AalborgHavn",0,5,5,"NoCt","white","Neogobius_melanostomus","efteraar"
"65","Neogobius_melanostomus.efteraar","Aalborgportland",0,5,5,"NoCt","white","Neogobius_melanostomus","efteraar"
"105","Neogobius_melanostomus.efteraar","Aarhus",0,5,5,"NoCt","white","Neogobius_melanostomus","efteraar"
"145","Neogobius_melanostomus.efteraar","Esbjerg",0,5,5,"NoCt","white","Neogobius_melanostomus","efteraar"
"185","Neogobius_melanostomus.efteraar","Fredericia",0,5,5,"NoCt","white","Neogobius_melanostomus","efteraar"
"225","Neogobius_melanostomus.efteraar","Frederikshavn",0,5,5,"NoCt","white","Neogobius_melanostomus","efteraar"
"265","Neogobius_melanostomus.efteraar","Gedser",2.50666666666667,5,5,"belowLOD","yellow","Neogobius_melanostomus","efteraar"
"305","Neogobius_melanostomus.efteraar","Grenaa",0,5,5,"NoCt","white","Neogobius_melanostomus","efteraar"
"345","Neogobius_melanostomus.efteraar","Helsingoer",0,5,5,"NoCt","white","Neogobius_melanostomus","efteraar"
"385","Neogobius_melanostomus.efteraar","Hirtshals",0,5,5,"NoCt","white","Neogobius_melanostomus","efteraar"
"425","Neogobius_melanostomus.efteraar","Kalundborg",0.0179733333333333,5,5,"belowLOD","yellow","Neogobius_melanostomus","efteraar"
"465","Neogobius_melanostomus.efteraar","KalundborgStatiolHavn",1.29,5,5,"belowLOD","yellow","Neogobius_melanostomus","efteraar"
"505","Neogobius_melanostomus.efteraar","Koebenhavn",0,5,5,"NoCt","white","Neogobius_melanostomus","efteraar"
"545","Neogobius_melanostomus.efteraar","Koege",0.544466666666667,5,5,"belowLOD","yellow","Neogobius_melanostomus","efteraar"
"585","Neogobius_melanostomus.efteraar","Odense",0,5,5,"NoCt","white","Neogobius_melanostomus","efteraar"
"625","Neogobius_melanostomus.efteraar","Roedby",0.06335,5,5,"belowLOD","yellow","Neogobius_melanostomus","efteraar"
"26","Neogobius_melanostomus.foraar","AalborgHavn",0,5,5,"NoCt","white","Neogobius_melanostomus","foraar"
"66","Neogobius_melanostomus.foraar","Aalborgportland",0,5,5,"NoCt","white","Neogobius_melanostomus","foraar"
"106","Neogobius_melanostomus.foraar","Aarhus",0,5,5,"NoCt","white","Neogobius_melanostomus","foraar"
"146","Neogobius_melanostomus.foraar","Esbjerg",0,5,5,"NoCt","white","Neogobius_melanostomus","foraar"
"186","Neogobius_melanostomus.foraar","Fredericia",0,5,5,"NoCt","white","Neogobius_melanostomus","foraar"
"226","Neogobius_melanostomus.foraar","Frederikshavn",0,5,5,"NoCt","white","Neogobius_melanostomus","foraar"
"266","Neogobius_melanostomus.foraar","Gedser",1.8506,5,5,"belowLOD","yellow","Neogobius_melanostomus","foraar"
"306","Neogobius_melanostomus.foraar","Grenaa",0,5,5,"NoCt","white","Neogobius_melanostomus","foraar"
"346","Neogobius_melanostomus.foraar","Helsingoer",0,5,5,"NoCt","white","Neogobius_melanostomus","foraar"
"386","Neogobius_melanostomus.foraar","Hirtshals",0,5,5,"NoCt","white","Neogobius_melanostomus","foraar"
"426","Neogobius_melanostomus.foraar","Kalundborg",0.0331166666666667,5,5,"belowLOD","yellow","Neogobius_melanostomus","foraar"
"466","Neogobius_melanostomus.foraar","KalundborgStatiolHavn",0,5,5,"NoCt","white","Neogobius_melanostomus","foraar"
"506","Neogobius_melanostomus.foraar","Koebenhavn",0,5,5,"NoCt","white","Neogobius_melanostomus","foraar"
"546","Neogobius_melanostomus.foraar","Koege",0.363333333333333,5,5,"belowLOD","yellow","Neogobius_melanostomus","foraar"
"586","Neogobius_melanostomus.foraar","Odense",0,5,5,"NoCt","white","Neogobius_melanostomus","foraar"
"626","Neogobius_melanostomus.foraar","Roedby",2.27,5,5,"belowLOD","yellow","Neogobius_melanostomus","foraar"
"27","Oncorhynchus_mykiss.efteraar","AalborgHavn",0.0696233333333333,5,5,"belowLOD","yellow","Oncorhynchus_mykiss","efteraar"
"67","Oncorhynchus_mykiss.efteraar","Aalborgportland",0.0214,5,5,"belowLOD","yellow","Oncorhynchus_mykiss","efteraar"
"107","Oncorhynchus_mykiss.efteraar","Aarhus",0,5,5,"NoCt","white","Oncorhynchus_mykiss","efteraar"
"147","Oncorhynchus_mykiss.efteraar","Esbjerg",0,5,5,"NoCt","white","Oncorhynchus_mykiss","efteraar"
"187","Oncorhynchus_mykiss.efteraar","Fredericia",0,5,5,"NoCt","white","Oncorhynchus_mykiss","efteraar"
"227","Oncorhynchus_mykiss.efteraar","Frederikshavn",0,5,5,"NoCt","white","Oncorhynchus_mykiss","efteraar"
"267","Oncorhynchus_mykiss.efteraar","Gedser",0,5,5,"NoCt","white","Oncorhynchus_mykiss","efteraar"
"307","Oncorhynchus_mykiss.efteraar","Grenaa",0,5,5,"NoCt","white","Oncorhynchus_mykiss","efteraar"
"347","Oncorhynchus_mykiss.efteraar","Helsingoer",0,5,5,"NoCt","white","Oncorhynchus_mykiss","efteraar"
"387","Oncorhynchus_mykiss.efteraar","Hirtshals",0.2651,5,5,"belowLOD","yellow","Oncorhynchus_mykiss","efteraar"
"427","Oncorhynchus_mykiss.efteraar","Kalundborg",0,5,5,"NoCt","white","Oncorhynchus_mykiss","efteraar"
"467","Oncorhynchus_mykiss.efteraar","KalundborgStatiolHavn",0.0104526666666667,5,5,"belowLOD","yellow","Oncorhynchus_mykiss","efteraar"
"507","Oncorhynchus_mykiss.efteraar","Koebenhavn",0,5,5,"NoCt","white","Oncorhynchus_mykiss","efteraar"
"547","Oncorhynchus_mykiss.efteraar","Koege",0,5,5,"NoCt","white","Oncorhynchus_mykiss","efteraar"
"587","Oncorhynchus_mykiss.efteraar","Odense",0,5,5,"NoCt","white","Oncorhynchus_mykiss","efteraar"
"627","Oncorhynchus_mykiss.efteraar","Roedby",0,5,5,"NoCt","white","Oncorhynchus_mykiss","efteraar"
"28","Oncorhynchus_mykiss.foraar","AalborgHavn",0,5,5,"NoCt","white","Oncorhynchus_mykiss","foraar"
"68","Oncorhynchus_mykiss.foraar","Aalborgportland",0,5,5,"NoCt","white","Oncorhynchus_mykiss","foraar"
"108","Oncorhynchus_mykiss.foraar","Aarhus",0,5,5,"NoCt","white","Oncorhynchus_mykiss","foraar"
"148","Oncorhynchus_mykiss.foraar","Esbjerg",0,5,5,"NoCt","white","Oncorhynchus_mykiss","foraar"
"188","Oncorhynchus_mykiss.foraar","Fredericia",0,5,5,"NoCt","white","Oncorhynchus_mykiss","foraar"
"228","Oncorhynchus_mykiss.foraar","Frederikshavn",0.00264,5,5,"belowLOD","yellow","Oncorhynchus_mykiss","foraar"
"268","Oncorhynchus_mykiss.foraar","Gedser",0,5,5,"NoCt","white","Oncorhynchus_mykiss","foraar"
"308","Oncorhynchus_mykiss.foraar","Grenaa",0,5,5,"NoCt","white","Oncorhynchus_mykiss","foraar"
"348","Oncorhynchus_mykiss.foraar","Helsingoer",0,5,5,"NoCt","white","Oncorhynchus_mykiss","foraar"
"388","Oncorhynchus_mykiss.foraar","Hirtshals",0,5,5,"NoCt","white","Oncorhynchus_mykiss","foraar"
"428","Oncorhynchus_mykiss.foraar","Kalundborg",0.00411333333333333,5,5,"belowLOD","yellow","Oncorhynchus_mykiss","foraar"
"468","Oncorhynchus_mykiss.foraar","KalundborgStatiolHavn",0,5,5,"NoCt","white","Oncorhynchus_mykiss","foraar"
"508","Oncorhynchus_mykiss.foraar","Koebenhavn",0,5,5,"NoCt","white","Oncorhynchus_mykiss","foraar"
"548","Oncorhynchus_mykiss.foraar","Koege",0,5,5,"NoCt","white","Oncorhynchus_mykiss","foraar"
"588","Oncorhynchus_mykiss.foraar","Odense",0,5,5,"NoCt","white","Oncorhynchus_mykiss","foraar"
"628","Oncorhynchus_mykiss.foraar","Roedby",0,5,5,"NoCt","white","Oncorhynchus_mykiss","foraar"
"29","Oncorhyncus_gorbuscha.efteraar","AalborgHavn",0,5,5,"NoCt","white","Oncorhyncus_gorbuscha","efteraar"
"69","Oncorhyncus_gorbuscha.efteraar","Aalborgportland",0,5,5,"NoCt","white","Oncorhyncus_gorbuscha","efteraar"
"109","Oncorhyncus_gorbuscha.efteraar","Aarhus",0,5,5,"NoCt","white","Oncorhyncus_gorbuscha","efteraar"
"149","Oncorhyncus_gorbuscha.efteraar","Esbjerg",0,5,5,"NoCt","white","Oncorhyncus_gorbuscha","efteraar"
"189","Oncorhyncus_gorbuscha.efteraar","Fredericia",0,5,5,"NoCt","white","Oncorhyncus_gorbuscha","efteraar"
"229","Oncorhyncus_gorbuscha.efteraar","Frederikshavn",0,5,5,"NoCt","white","Oncorhyncus_gorbuscha","efteraar"
"269","Oncorhyncus_gorbuscha.efteraar","Gedser",0,5,5,"NoCt","white","Oncorhyncus_gorbuscha","efteraar"
"309","Oncorhyncus_gorbuscha.efteraar","Grenaa",0,5,5,"NoCt","white","Oncorhyncus_gorbuscha","efteraar"
"349","Oncorhyncus_gorbuscha.efteraar","Helsingoer",0,5,5,"NoCt","white","Oncorhyncus_gorbuscha","efteraar"
"389","Oncorhyncus_gorbuscha.efteraar","Hirtshals",0,5,5,"NoCt","white","Oncorhyncus_gorbuscha","efteraar"
"429","Oncorhyncus_gorbuscha.efteraar","Kalundborg",0,5,5,"NoCt","white","Oncorhyncus_gorbuscha","efteraar"
"469","Oncorhyncus_gorbuscha.efteraar","KalundborgStatiolHavn",0,5,5,"NoCt","white","Oncorhyncus_gorbuscha","efteraar"
"509","Oncorhyncus_gorbuscha.efteraar","Koebenhavn",0,5,5,"NoCt","white","Oncorhyncus_gorbuscha","efteraar"
"549","Oncorhyncus_gorbuscha.efteraar","Koege",0,5,5,"NoCt","white","Oncorhyncus_gorbuscha","efteraar"
"589","Oncorhyncus_gorbuscha.efteraar","Odense",0,5,5,"NoCt","white","Oncorhyncus_gorbuscha","efteraar"
"629","Oncorhyncus_gorbuscha.efteraar","Roedby",0,5,5,"NoCt","white","Oncorhyncus_gorbuscha","efteraar"
"30","Oncorhyncus_gorbuscha.foraar","AalborgHavn",0,5,50,"NoCt","white","Oncorhyncus_gorbuscha","foraar"
"70","Oncorhyncus_gorbuscha.foraar","Aalborgportland",0,5,50,"NoCt","white","Oncorhyncus_gorbuscha","foraar"
"110","Oncorhyncus_gorbuscha.foraar","Aarhus",0,5,50,"NoCt","white","Oncorhyncus_gorbuscha","foraar"
"150","Oncorhyncus_gorbuscha.foraar","Esbjerg",0,5,50,"NoCt","white","Oncorhyncus_gorbuscha","foraar"
"190","Oncorhyncus_gorbuscha.foraar","Fredericia",0,5,50,"NoCt","white","Oncorhyncus_gorbuscha","foraar"
"230","Oncorhyncus_gorbuscha.foraar","Frederikshavn",0,5,50,"NoCt","white","Oncorhyncus_gorbuscha","foraar"
"270","Oncorhyncus_gorbuscha.foraar","Gedser",0,5,50,"NoCt","white","Oncorhyncus_gorbuscha","foraar"
"310","Oncorhyncus_gorbuscha.foraar","Grenaa",0,5,50,"NoCt","white","Oncorhyncus_gorbuscha","foraar"
"350","Oncorhyncus_gorbuscha.foraar","Helsingoer",0,5,50,"NoCt","white","Oncorhyncus_gorbuscha","foraar"
"390","Oncorhyncus_gorbuscha.foraar","Hirtshals",0,5,50,"NoCt","white","Oncorhyncus_gorbuscha","foraar"
"430","Oncorhyncus_gorbuscha.foraar","Kalundborg",0,5,50,"NoCt","white","Oncorhyncus_gorbuscha","foraar"
"470","Oncorhyncus_gorbuscha.foraar","KalundborgStatiolHavn",0,5,50,"NoCt","white","Oncorhyncus_gorbuscha","foraar"
"510","Oncorhyncus_gorbuscha.foraar","Koebenhavn",0,5,50,"NoCt","white","Oncorhyncus_gorbuscha","foraar"
"550","Oncorhyncus_gorbuscha.foraar","Koege",0,5,50,"NoCt","white","Oncorhyncus_gorbuscha","foraar"
"590","Oncorhyncus_gorbuscha.foraar","Odense",0,5,50,"NoCt","white","Oncorhyncus_gorbuscha","foraar"
"630","Oncorhyncus_gorbuscha.foraar","Roedby",0,5,50,"NoCt","white","Oncorhyncus_gorbuscha","foraar"
"31","Paralithodes_camtschaticus.efteraar","AalborgHavn",0,5,5,"NoCt","white","Paralithodes_camtschaticus","efteraar"
"71","Paralithodes_camtschaticus.efteraar","Aalborgportland",0,5,5,"NoCt","white","Paralithodes_camtschaticus","efteraar"
"111","Paralithodes_camtschaticus.efteraar","Aarhus",0,5,5,"NoCt","white","Paralithodes_camtschaticus","efteraar"
"151","Paralithodes_camtschaticus.efteraar","Esbjerg",0,5,5,"NoCt","white","Paralithodes_camtschaticus","efteraar"
"191","Paralithodes_camtschaticus.efteraar","Fredericia",0,5,5,"NoCt","white","Paralithodes_camtschaticus","efteraar"
"231","Paralithodes_camtschaticus.efteraar","Frederikshavn",0,5,5,"NoCt","white","Paralithodes_camtschaticus","efteraar"
"271","Paralithodes_camtschaticus.efteraar","Gedser",0,5,5,"NoCt","white","Paralithodes_camtschaticus","efteraar"
"311","Paralithodes_camtschaticus.efteraar","Grenaa",0,5,5,"NoCt","white","Paralithodes_camtschaticus","efteraar"
"351","Paralithodes_camtschaticus.efteraar","Helsingoer",0,5,5,"NoCt","white","Paralithodes_camtschaticus","efteraar"
"391","Paralithodes_camtschaticus.efteraar","Hirtshals",0,5,5,"NoCt","white","Paralithodes_camtschaticus","efteraar"
"431","Paralithodes_camtschaticus.efteraar","Kalundborg",0,5,5,"NoCt","white","Paralithodes_camtschaticus","efteraar"
"471","Paralithodes_camtschaticus.efteraar","KalundborgStatiolHavn",0,5,5,"NoCt","white","Paralithodes_camtschaticus","efteraar"
"511","Paralithodes_camtschaticus.efteraar","Koebenhavn",0,5,5,"NoCt","white","Paralithodes_camtschaticus","efteraar"
"551","Paralithodes_camtschaticus.efteraar","Koege",0,5,5,"NoCt","white","Paralithodes_camtschaticus","efteraar"
"591","Paralithodes_camtschaticus.efteraar","Odense",0,5,5,"NoCt","white","Paralithodes_camtschaticus","efteraar"
"631","Paralithodes_camtschaticus.efteraar","Roedby",0,5,5,"NoCt","white","Paralithodes_camtschaticus","efteraar"
"32","Paralithodes_camtschaticus.foraar","AalborgHavn",0,5,50,"NoCt","white","Paralithodes_camtschaticus","foraar"
"72","Paralithodes_camtschaticus.foraar","Aalborgportland",0,5,50,"NoCt","white","Paralithodes_camtschaticus","foraar"
"112","Paralithodes_camtschaticus.foraar","Aarhus",0,5,50,"NoCt","white","Paralithodes_camtschaticus","foraar"
"152","Paralithodes_camtschaticus.foraar","Esbjerg",0,5,50,"NoCt","white","Paralithodes_camtschaticus","foraar"
"192","Paralithodes_camtschaticus.foraar","Fredericia",0,5,50,"NoCt","white","Paralithodes_camtschaticus","foraar"
"232","Paralithodes_camtschaticus.foraar","Frederikshavn",0,5,50,"NoCt","white","Paralithodes_camtschaticus","foraar"
"272","Paralithodes_camtschaticus.foraar","Gedser",0,5,50,"NoCt","white","Paralithodes_camtschaticus","foraar"
"312","Paralithodes_camtschaticus.foraar","Grenaa",0,5,50,"NoCt","white","Paralithodes_camtschaticus","foraar"
"352","Paralithodes_camtschaticus.foraar","Helsingoer",0,5,50,"NoCt","white","Paralithodes_camtschaticus","foraar"
"392","Paralithodes_camtschaticus.foraar","Hirtshals",0,5,50,"NoCt","white","Paralithodes_camtschaticus","foraar"
"432","Paralithodes_camtschaticus.foraar","Kalundborg",0,5,50,"NoCt","white","Paralithodes_camtschaticus","foraar"
"472","Paralithodes_camtschaticus.foraar","KalundborgStatiolHavn",0,5,50,"NoCt","white","Paralithodes_camtschaticus","foraar"
"512","Paralithodes_camtschaticus.foraar","Koebenhavn",0,5,50,"NoCt","white","Paralithodes_camtschaticus","foraar"
"552","Paralithodes_camtschaticus.foraar","Koege",0,5,50,"NoCt","white","Paralithodes_camtschaticus","foraar"
"592","Paralithodes_camtschaticus.foraar","Odense",0,5,50,"NoCt","white","Paralithodes_camtschaticus","foraar"
"632","Paralithodes_camtschaticus.foraar","Roedby",0,5,50,"NoCt","white","Paralithodes_camtschaticus","foraar"
"33","Prorocentrum_minimum.efteraar","AalborgHavn",2.71333333333333,5,5,"belowLOD","yellow","Prorocentrum_minimum","efteraar"
"73","Prorocentrum_minimum.efteraar","Aalborgportland",0.389066666666667,5,5,"belowLOD","yellow","Prorocentrum_minimum","efteraar"
"113","Prorocentrum_minimum.efteraar","Aarhus",0,5,5,"NoCt","white","Prorocentrum_minimum","efteraar"
"153","Prorocentrum_minimum.efteraar","Esbjerg",0.01634,5,5,"belowLOD","yellow","Prorocentrum_minimum","efteraar"
"193","Prorocentrum_minimum.efteraar","Fredericia",0.126713333333333,5,5,"belowLOD","yellow","Prorocentrum_minimum","efteraar"
"233","Prorocentrum_minimum.efteraar","Frederikshavn",3.16666666666667,5,5,"belowLOD","yellow","Prorocentrum_minimum","efteraar"
"273","Prorocentrum_minimum.efteraar","Gedser",3181.33333333333,5,5,"aboveLOQ","black","Prorocentrum_minimum","efteraar"
"313","Prorocentrum_minimum.efteraar","Grenaa",0.3844,5,5,"belowLOD","yellow","Prorocentrum_minimum","efteraar"
"353","Prorocentrum_minimum.efteraar","Helsingoer",25.96,5,5,"aboveLOQ","black","Prorocentrum_minimum","efteraar"
"393","Prorocentrum_minimum.efteraar","Hirtshals",0,5,5,"NoCt","white","Prorocentrum_minimum","efteraar"
"433","Prorocentrum_minimum.efteraar","Kalundborg",0,5,5,"NoCt","white","Prorocentrum_minimum","efteraar"
"473","Prorocentrum_minimum.efteraar","KalundborgStatiolHavn",0.0337666666666667,5,5,"belowLOD","yellow","Prorocentrum_minimum","efteraar"
"513","Prorocentrum_minimum.efteraar","Koebenhavn",17.09,5,5,"aboveLOQ","black","Prorocentrum_minimum","efteraar"
"553","Prorocentrum_minimum.efteraar","Koege",32.32,5,5,"aboveLOQ","black","Prorocentrum_minimum","efteraar"
"593","Prorocentrum_minimum.efteraar","Odense",3.80666666666667,5,5,"belowLOD","yellow","Prorocentrum_minimum","efteraar"
"633","Prorocentrum_minimum.efteraar","Roedby",179.233333333333,5,5,"aboveLOQ","black","Prorocentrum_minimum","efteraar"
"34","Prorocentrum_minimum.foraar","AalborgHavn",34.31,5,5,"aboveLOQ","black","Prorocentrum_minimum","foraar"
"74","Prorocentrum_minimum.foraar","Aalborgportland",712.333333333333,5,5,"aboveLOQ","black","Prorocentrum_minimum","foraar"
"114","Prorocentrum_minimum.foraar","Aarhus",0.0799366666666667,5,5,"belowLOD","yellow","Prorocentrum_minimum","foraar"
"154","Prorocentrum_minimum.foraar","Esbjerg",0,5,5,"NoCt","white","Prorocentrum_minimum","foraar"
"194","Prorocentrum_minimum.foraar","Fredericia",1.0065,5,5,"belowLOD","yellow","Prorocentrum_minimum","foraar"
"234","Prorocentrum_minimum.foraar","Frederikshavn",0,5,5,"NoCt","white","Prorocentrum_minimum","foraar"
"274","Prorocentrum_minimum.foraar","Gedser",0.05237,5,5,"belowLOD","yellow","Prorocentrum_minimum","foraar"
"314","Prorocentrum_minimum.foraar","Grenaa",0.0191733333333333,5,5,"belowLOD","yellow","Prorocentrum_minimum","foraar"
"354","Prorocentrum_minimum.foraar","Helsingoer",176.133333333333,5,5,"aboveLOQ","black","Prorocentrum_minimum","foraar"
"394","Prorocentrum_minimum.foraar","Hirtshals",0,5,5,"NoCt","white","Prorocentrum_minimum","foraar"
"434","Prorocentrum_minimum.foraar","Kalundborg",14.0666666666667,5,5,"aboveLOQ","black","Prorocentrum_minimum","foraar"
"474","Prorocentrum_minimum.foraar","KalundborgStatiolHavn",1.99333333333333,5,5,"belowLOD","yellow","Prorocentrum_minimum","foraar"
"514","Prorocentrum_minimum.foraar","Koebenhavn",1.21976666666667,5,5,"belowLOD","yellow","Prorocentrum_minimum","foraar"
"554","Prorocentrum_minimum.foraar","Koege",719.966666666667,5,5,"aboveLOQ","black","Prorocentrum_minimum","foraar"
"594","Prorocentrum_minimum.foraar","Odense",0.175633333333333,5,5,"belowLOD","yellow","Prorocentrum_minimum","foraar"
"634","Prorocentrum_minimum.foraar","Roedby",0,5,5,"NoCt","white","Prorocentrum_minimum","foraar"
"35","Pseudochattonella_farcimen.efteraar","AalborgHavn",9.93,5,5,"aboveLOQ","black","Pseudochattonella_farcimen","efteraar"
"75","Pseudochattonella_farcimen.efteraar","Aalborgportland",9.32666666666667,5,5,"aboveLOQ","black","Pseudochattonella_farcimen","efteraar"
"115","Pseudochattonella_farcimen.efteraar","Aarhus",1.8811,5,5,"belowLOD","yellow","Pseudochattonella_farcimen","efteraar"
"155","Pseudochattonella_farcimen.efteraar","Esbjerg",0,5,5,"NoCt","white","Pseudochattonella_farcimen","efteraar"
"195","Pseudochattonella_farcimen.efteraar","Fredericia",115.866666666667,5,5,"aboveLOQ","black","Pseudochattonella_farcimen","efteraar"
"235","Pseudochattonella_farcimen.efteraar","Frederikshavn",117.723333333333,5,5,"aboveLOQ","black","Pseudochattonella_farcimen","efteraar"
"275","Pseudochattonella_farcimen.efteraar","Gedser",0,5,5,"NoCt","white","Pseudochattonella_farcimen","efteraar"
"315","Pseudochattonella_farcimen.efteraar","Grenaa",6119.33333333333,5,5,"aboveLOQ","black","Pseudochattonella_farcimen","efteraar"
"355","Pseudochattonella_farcimen.efteraar","Helsingoer",122.533333333333,5,5,"aboveLOQ","black","Pseudochattonella_farcimen","efteraar"
"395","Pseudochattonella_farcimen.efteraar","Hirtshals",2.94336666666667,5,5,"belowLOD","yellow","Pseudochattonella_farcimen","efteraar"
"435","Pseudochattonella_farcimen.efteraar","Kalundborg",41.38,5,5,"aboveLOQ","black","Pseudochattonella_farcimen","efteraar"
"475","Pseudochattonella_farcimen.efteraar","KalundborgStatiolHavn",1875.66666666667,5,5,"aboveLOQ","black","Pseudochattonella_farcimen","efteraar"
"515","Pseudochattonella_farcimen.efteraar","Koebenhavn",6511.33333333333,5,5,"aboveLOQ","black","Pseudochattonella_farcimen","efteraar"
"555","Pseudochattonella_farcimen.efteraar","Koege",0,5,5,"NoCt","white","Pseudochattonella_farcimen","efteraar"
"595","Pseudochattonella_farcimen.efteraar","Odense",6.89,5,5,"aboveLOQ","black","Pseudochattonella_farcimen","efteraar"
"635","Pseudochattonella_farcimen.efteraar","Roedby",0.0540666666666667,5,5,"belowLOD","yellow","Pseudochattonella_farcimen","efteraar"
"36","Pseudochattonella_farcimen.foraar","AalborgHavn",0,5,5,"NoCt","white","Pseudochattonella_farcimen","foraar"
"76","Pseudochattonella_farcimen.foraar","Aalborgportland",1.45333333333333,5,5,"belowLOD","yellow","Pseudochattonella_farcimen","foraar"
"116","Pseudochattonella_farcimen.foraar","Aarhus",1719,5,5,"aboveLOQ","black","Pseudochattonella_farcimen","foraar"
"156","Pseudochattonella_farcimen.foraar","Esbjerg",0,5,5,"NoCt","white","Pseudochattonella_farcimen","foraar"
"196","Pseudochattonella_farcimen.foraar","Fredericia",3738.33333333333,5,5,"aboveLOQ","black","Pseudochattonella_farcimen","foraar"
"236","Pseudochattonella_farcimen.foraar","Frederikshavn",41.0066666666667,5,5,"aboveLOQ","black","Pseudochattonella_farcimen","foraar"
"276","Pseudochattonella_farcimen.foraar","Gedser",28.38,5,5,"aboveLOQ","black","Pseudochattonella_farcimen","foraar"
"316","Pseudochattonella_farcimen.foraar","Grenaa",37606.6666666667,5,5,"aboveLOQ","black","Pseudochattonella_farcimen","foraar"
"356","Pseudochattonella_farcimen.foraar","Helsingoer",4896.66666666667,5,5,"aboveLOQ","black","Pseudochattonella_farcimen","foraar"
"396","Pseudochattonella_farcimen.foraar","Hirtshals",0,5,5,"NoCt","white","Pseudochattonella_farcimen","foraar"
"436","Pseudochattonella_farcimen.foraar","Kalundborg",386966.666666667,5,5,"aboveLOQ","black","Pseudochattonella_farcimen","foraar"
"476","Pseudochattonella_farcimen.foraar","KalundborgStatiolHavn",13186.6666666667,5,5,"aboveLOQ","black","Pseudochattonella_farcimen","foraar"
"516","Pseudochattonella_farcimen.foraar","Koebenhavn",35060,5,5,"aboveLOQ","black","Pseudochattonella_farcimen","foraar"
"556","Pseudochattonella_farcimen.foraar","Koege",132.166666666667,5,5,"aboveLOQ","black","Pseudochattonella_farcimen","foraar"
"596","Pseudochattonella_farcimen.foraar","Odense",4.16,5,5,"belowLOD","yellow","Pseudochattonella_farcimen","foraar"
"636","Pseudochattonella_farcimen.foraar","Roedby",402.466666666667,5,5,"aboveLOQ","black","Pseudochattonella_farcimen","foraar"
"37","Pseudochattonella_verruculosa.efteraar","AalborgHavn",22.3233333333333,5,5,"aboveLOQ","black","Pseudochattonella_verruculosa","efteraar"
"77","Pseudochattonella_verruculosa.efteraar","Aalborgportland",42.8733333333333,5,5,"aboveLOQ","black","Pseudochattonella_verruculosa","efteraar"
"117","Pseudochattonella_verruculosa.efteraar","Aarhus",0,5,5,"NoCt","white","Pseudochattonella_verruculosa","efteraar"
"157","Pseudochattonella_verruculosa.efteraar","Esbjerg",3.98666666666667,5,5,"belowLOD","yellow","Pseudochattonella_verruculosa","efteraar"
"197","Pseudochattonella_verruculosa.efteraar","Fredericia",0,5,5,"NoCt","white","Pseudochattonella_verruculosa","efteraar"
"237","Pseudochattonella_verruculosa.efteraar","Frederikshavn",0,5,5,"NoCt","white","Pseudochattonella_verruculosa","efteraar"
"277","Pseudochattonella_verruculosa.efteraar","Gedser",0,5,5,"NoCt","white","Pseudochattonella_verruculosa","efteraar"
"317","Pseudochattonella_verruculosa.efteraar","Grenaa",0,5,5,"NoCt","white","Pseudochattonella_verruculosa","efteraar"
"357","Pseudochattonella_verruculosa.efteraar","Helsingoer",0,5,5,"NoCt","white","Pseudochattonella_verruculosa","efteraar"
"397","Pseudochattonella_verruculosa.efteraar","Hirtshals",10.0166666666667,5,5,"aboveLOQ","black","Pseudochattonella_verruculosa","efteraar"
"437","Pseudochattonella_verruculosa.efteraar","Kalundborg",0,5,5,"NoCt","white","Pseudochattonella_verruculosa","efteraar"
"477","Pseudochattonella_verruculosa.efteraar","KalundborgStatiolHavn",0,5,5,"NoCt","white","Pseudochattonella_verruculosa","efteraar"
"517","Pseudochattonella_verruculosa.efteraar","Koebenhavn",0,5,5,"NoCt","white","Pseudochattonella_verruculosa","efteraar"
"557","Pseudochattonella_verruculosa.efteraar","Koege",0,5,5,"NoCt","white","Pseudochattonella_verruculosa","efteraar"
"597","Pseudochattonella_verruculosa.efteraar","Odense",6.03333333333333,5,5,"aboveLOQ","black","Pseudochattonella_verruculosa","efteraar"
"637","Pseudochattonella_verruculosa.efteraar","Roedby",0,5,5,"NoCt","white","Pseudochattonella_verruculosa","efteraar"
"38","Pseudochattonella_verruculosa.foraar","AalborgHavn",5.52333333333333,5,50,"AbLOD_BeLOQ","red","Pseudochattonella_verruculosa","foraar"
"78","Pseudochattonella_verruculosa.foraar","Aalborgportland",1.48333333333333,5,50,"belowLOD","yellow","Pseudochattonella_verruculosa","foraar"
"118","Pseudochattonella_verruculosa.foraar","Aarhus",0,5,50,"NoCt","white","Pseudochattonella_verruculosa","foraar"
"158","Pseudochattonella_verruculosa.foraar","Esbjerg",2.9053,5,50,"belowLOD","yellow","Pseudochattonella_verruculosa","foraar"
"198","Pseudochattonella_verruculosa.foraar","Fredericia",0,5,50,"NoCt","white","Pseudochattonella_verruculosa","foraar"
"238","Pseudochattonella_verruculosa.foraar","Frederikshavn",0.73,5,50,"belowLOD","yellow","Pseudochattonella_verruculosa","foraar"
"278","Pseudochattonella_verruculosa.foraar","Gedser",0,5,50,"NoCt","white","Pseudochattonella_verruculosa","foraar"
"318","Pseudochattonella_verruculosa.foraar","Grenaa",0,5,50,"NoCt","white","Pseudochattonella_verruculosa","foraar"
"358","Pseudochattonella_verruculosa.foraar","Helsingoer",0,5,50,"NoCt","white","Pseudochattonella_verruculosa","foraar"
"398","Pseudochattonella_verruculosa.foraar","Hirtshals",0.77,5,50,"belowLOD","yellow","Pseudochattonella_verruculosa","foraar"
"438","Pseudochattonella_verruculosa.foraar","Kalundborg",0,5,50,"NoCt","white","Pseudochattonella_verruculosa","foraar"
"478","Pseudochattonella_verruculosa.foraar","KalundborgStatiolHavn",0,5,50,"NoCt","white","Pseudochattonella_verruculosa","foraar"
"518","Pseudochattonella_verruculosa.foraar","Koebenhavn",0,5,50,"NoCt","white","Pseudochattonella_verruculosa","foraar"
"558","Pseudochattonella_verruculosa.foraar","Koege",0,5,50,"NoCt","white","Pseudochattonella_verruculosa","foraar"
"598","Pseudochattonella_verruculosa.foraar","Odense",0,5,50,"NoCt","white","Pseudochattonella_verruculosa","foraar"
"638","Pseudochattonella_verruculosa.foraar","Roedby",0,5,50,"NoCt","white","Pseudochattonella_verruculosa","foraar"
"39","Rhithropanopeus_harrisii.efteraar","AalborgHavn",0,5,50,"NoCt","white","Rhithropanopeus_harrisii","efteraar"
"79","Rhithropanopeus_harrisii.efteraar","Aalborgportland",0,5,50,"NoCt","white","Rhithropanopeus_harrisii","efteraar"
"119","Rhithropanopeus_harrisii.efteraar","Aarhus",0,5,50,"NoCt","white","Rhithropanopeus_harrisii","efteraar"
"159","Rhithropanopeus_harrisii.efteraar","Esbjerg",0,5,50,"NoCt","white","Rhithropanopeus_harrisii","efteraar"
"199","Rhithropanopeus_harrisii.efteraar","Fredericia",0,5,50,"NoCt","white","Rhithropanopeus_harrisii","efteraar"
"239","Rhithropanopeus_harrisii.efteraar","Frederikshavn",1.2293,5,50,"belowLOD","yellow","Rhithropanopeus_harrisii","efteraar"
"279","Rhithropanopeus_harrisii.efteraar","Gedser",0,5,50,"NoCt","white","Rhithropanopeus_harrisii","efteraar"
"319","Rhithropanopeus_harrisii.efteraar","Grenaa",0,5,50,"NoCt","white","Rhithropanopeus_harrisii","efteraar"
"359","Rhithropanopeus_harrisii.efteraar","Helsingoer",0,5,50,"NoCt","white","Rhithropanopeus_harrisii","efteraar"
"399","Rhithropanopeus_harrisii.efteraar","Hirtshals",0,5,50,"NoCt","white","Rhithropanopeus_harrisii","efteraar"
"439","Rhithropanopeus_harrisii.efteraar","Kalundborg",0,5,50,"NoCt","white","Rhithropanopeus_harrisii","efteraar"
"479","Rhithropanopeus_harrisii.efteraar","KalundborgStatiolHavn",0,5,50,"NoCt","white","Rhithropanopeus_harrisii","efteraar"
"519","Rhithropanopeus_harrisii.efteraar","Koebenhavn",0.813333333333333,5,50,"belowLOD","yellow","Rhithropanopeus_harrisii","efteraar"
"559","Rhithropanopeus_harrisii.efteraar","Koege",0.663333333333333,5,50,"belowLOD","yellow","Rhithropanopeus_harrisii","efteraar"
"599","Rhithropanopeus_harrisii.efteraar","Odense",0,5,50,"NoCt","white","Rhithropanopeus_harrisii","efteraar"
"639","Rhithropanopeus_harrisii.efteraar","Roedby",0,5,50,"NoCt","white","Rhithropanopeus_harrisii","efteraar"
"40","Rhithropanopeus_harrisii.foraar","AalborgHavn",0,5,50,"NoCt","white","Rhithropanopeus_harrisii","foraar"
"80","Rhithropanopeus_harrisii.foraar","Aalborgportland",0,5,50,"NoCt","white","Rhithropanopeus_harrisii","foraar"
"120","Rhithropanopeus_harrisii.foraar","Aarhus",0,5,50,"NoCt","white","Rhithropanopeus_harrisii","foraar"
"160","Rhithropanopeus_harrisii.foraar","Esbjerg",0,5,50,"NoCt","white","Rhithropanopeus_harrisii","foraar"
"200","Rhithropanopeus_harrisii.foraar","Fredericia",0,5,50,"NoCt","white","Rhithropanopeus_harrisii","foraar"
"240","Rhithropanopeus_harrisii.foraar","Frederikshavn",0,5,50,"NoCt","white","Rhithropanopeus_harrisii","foraar"
"280","Rhithropanopeus_harrisii.foraar","Gedser",0,5,50,"NoCt","white","Rhithropanopeus_harrisii","foraar"
"320","Rhithropanopeus_harrisii.foraar","Grenaa",0,5,50,"NoCt","white","Rhithropanopeus_harrisii","foraar"
"360","Rhithropanopeus_harrisii.foraar","Helsingoer",0,5,50,"NoCt","white","Rhithropanopeus_harrisii","foraar"
"400","Rhithropanopeus_harrisii.foraar","Hirtshals",0,5,50,"NoCt","white","Rhithropanopeus_harrisii","foraar"
"440","Rhithropanopeus_harrisii.foraar","Kalundborg",0,5,50,"NoCt","white","Rhithropanopeus_harrisii","foraar"
"480","Rhithropanopeus_harrisii.foraar","KalundborgStatiolHavn",0,5,50,"NoCt","white","Rhithropanopeus_harrisii","foraar"
"520","Rhithropanopeus_harrisii.foraar","Koebenhavn",0,5,50,"NoCt","white","Rhithropanopeus_harrisii","foraar"
"560","Rhithropanopeus_harrisii.foraar","Koege",1.97333333333333,5,50,"belowLOD","yellow","Rhithropanopeus_harrisii","foraar"
"600","Rhithropanopeus_harrisii.foraar","Odense",3.47333333333333,5,50,"belowLOD","yellow","Rhithropanopeus_harrisii","foraar"
"640","Rhithropanopeus_harrisii.foraar","Roedby",0,5,50,"NoCt","white","Rhithropanopeus_harrisii","foraar"
